{
 "pval": [ 2.409117,        4, 1.730181, 0.3536922, 6.084267e-05, 0.1164546, 0.5283755,  1.05854, 0.2687088, 0.2035241, 0.3536922, 1.097208, 1.323948, 0.8965751, 1.323948, 0.2536588, 0.3071912, 0.09952474, 1.590088, 0.002927337, 0.01365865, 0.06147186, 0.3895584, 0.3536922, 0.5250482, 0.3536922, 0.06980806, 0.005254847, 0.08013128, 0.009009844, 0.0004869119, 0.7934187, 0.5250482, 0.03403151, 0.08013128, 0.06912603, 0.263901, 0.04822227, 0.263901, 0.2687088,        0, 0.3071912, 0.00728336, 0.08013128, 0.009009844, 0.07694682, 0.1652999, 0.0009132799, 0.01365865, 0.04822227, 0.08319297, 0.1376723, 0.02674046, 0.03403151, 0.04934294, 0.08319297, 0.02674046, 0.03403151 ],
"enr": [        4, 0.1378762, 2.052757, 3.181606, 2.911804, 2.339383, 1.778664,  1.18041, 1.897068, 1.938656,  1.78977, 0.9574822, 0.6211154, 1.035488, 0.527173, 1.586606, 1.524954, 1.540273, 0.06265015, 1.611884,  1.52109, 1.388013, 1.056765, 1.062732, 0.891079, 1.003959, 1.247971,  1.25667, 1.151519, 1.097589,  1.04775, 0.2617323, 0.5020451, 0.9391041, 0.8466026, 0.8500621, 0.5899131, 0.7627806, 0.4984408, 0.4436513, 0.6826089, 0.2794357, 0.5195383, 0.4298041, 0.4223278, 0.321409, 0.2303771, 0.2726527, 0.2413696, 0.1822297, 0.1260687, 0.06131103, 0.1393971, 0.1313798, 0.1097582, 0.03886122, 0.02939967,        0 ],
"metap": [        4, 2.333993, 2.099314, 1.935314, 1.509382,  1.20476, 1.105211, 1.058059, 1.016207, 1.001624, 1.001246, 0.9405492, 0.8706418,  0.86517, 0.8125337, 0.8122765, 0.8069058, 0.6915907, 0.6907868, 0.6773186, 0.6300442, 0.5801438, 0.5766298, 0.5595808, 0.5585059, 0.5261555, 0.5053475, 0.4746648, 0.4575095, 0.3905987, 0.3600726, 0.3595608, 0.3465378, 0.3214839, 0.2980973, 0.2944101, 0.2617433, 0.242428, 0.2189786, 0.1965245, 0.1847026, 0.1432215, 0.1209476, 0.1143212, 0.08638161, 0.07518866, 0.07404322, 0.03889194, 0.03422778, 0.02835493, 0.02363442, 0.02141953, 0.01534152, 0.01518926, 0.01407413, 0.008235863, 0.001330199,        0 ],
"pathnames": [ "Glycine, serine and threonine metabolism", "Tyrosine metabolism", "Steroid hormone biosynthesis", "Glycerolipid metabolism", "Amino sugar and nucleotide sugar metabolism", "Fructose and mannose metabolism", "Cyanoamino acid metabolism", "Methane metabolism", "Propanoate metabolism", "Pyruvate metabolism", "Riboflavin metabolism", "Cysteine and methionine metabolism", "Sphingolipid metabolism", "Valine, leucine and isoleucine degradation", "Valine, leucine and isoleucine biosynthesis", "Aminoacyl-tRNA biosynthesis", "beta-Alanine metabolism", "Alanine, aspartate and glutamate metabolism", "Vitamin B6 metabolism", "Retinol metabolism", "Glycolysis or Gluconeogenesis", "Steroid biosynthesis", "Pantothenate and CoA biosynthesis", "Phenylalanine metabolism", "Histidine metabolism", "Phenylalanine, tyrosine and tryptophan biosynthesis", "Arginine and proline metabolism", "Butanoate metabolism", "Synthesis and degradation of ketone bodies", "Inositol phosphate metabolism", "Galactose metabolism", "Ubiquinone and other terpenoid-quinone biosynthesis", "Lysine degradation", "Ascorbate and aldarate metabolism", "Biotin metabolism", "Porphyrin and chlorophyll metabolism", "Selenoamino acid metabolism", "Tryptophan metabolism", "Drug metabolism - cytochrome P450", "Pentose phosphate pathway", "Arachidonic acid metabolism", "Pentose and glucuronate interconversions", "Glutathione metabolism", "Thiamine metabolism", "Nicotinate and nicotinamide metabolism", "One carbon pool by folate", "Folate biosynthesis", "Starch and sucrose metabolism", "Biosynthesis of unsaturated fatty acids", "Pyrimidine metabolism", "Glyoxylate and dicarboxylate metabolism", "Glycerophospholipid metabolism", "D-Arginine and D-ornithine metabolism", "Terpenoid backbone biosynthesis", "Purine metabolism", "Nitrogen metabolism", "Fatty acid biosynthesis", "Primary bile acid biosynthesis" ] 
}